workerid,hitid,hittypeid,title,description,keywords,reward,creationtime,assignments,numavailable,numpending,numcomplete,hitstatus,reviewstatus,annotation,assignmentduration,autoapprovaldelay,hitlifetime,viewhit,assignmentid,workerid,assignmentstatus,autoapprovaltime,assignmentaccepttime,assignmentsubmittime,assignmentapprovaltime,assignmentrejecttime,deadline,feedback,reject,Answer.condition,Answer.hit_information,Answer.time_in_minutes
0,3DWGDA5POF4AFV34EG107WOE8GVV10,3D8ERG8DI8278NVEQZZJFHRUEE8MA7,Language study,"Listen to interactions and answer questions about them. You must be able to listen to short audio clips, perform this task on a desktop or laptop computer, and use Chrome, Safari, Firefox or Opera.",language research stanford fun cognitive science university,$1.00,Tue Dec 05 15:07:34 PST 2017,9,0,0,0,Reviewable,NotReviewed,1 cond,2400,60000,Thu Jan 04 15:07:34 PST 2018,https://requester.mturk.com/mturk/manageHIT?HITId=3DWGDA5POF4AFV34EG107WOE8GVV10,3IGI0VL647KLP1ZQ8TIMYV3X1QXNOY,0,Submitted,Wed Dec 06 07:52:48 PST 2017,Tue Dec 05 15:07:58 PST 2017,Tue Dec 05 15:12:48 PST 2017,,,,,,undefined,undefined,4.1177166666666665
1,3DWGDA5POF4AFV34EG107WOE8GVV10,3D8ERG8DI8278NVEQZZJFHRUEE8MA7,Language study,"Listen to interactions and answer questions about them. You must be able to listen to short audio clips, perform this task on a desktop or laptop computer, and use Chrome, Safari, Firefox or Opera.",language research stanford fun cognitive science university,$1.00,Tue Dec 05 15:07:34 PST 2017,9,0,0,0,Reviewable,NotReviewed,1 cond,2400,60000,Thu Jan 04 15:07:34 PST 2018,https://requester.mturk.com/mturk/manageHIT?HITId=3DWGDA5POF4AFV34EG107WOE8GVV10,3OCHAWUVGOK7B4SFC7D2PGDMJZXKXV,1,Submitted,Wed Dec 06 07:58:58 PST 2017,Tue Dec 05 15:07:55 PST 2017,Tue Dec 05 15:18:58 PST 2017,,,,,,undefined,undefined,10.9312
2,3DWGDA5POF4AFV34EG107WOE8GVV10,3D8ERG8DI8278NVEQZZJFHRUEE8MA7,Language study,"Listen to interactions and answer questions about them. You must be able to listen to short audio clips, perform this task on a desktop or laptop computer, and use Chrome, Safari, Firefox or Opera.",language research stanford fun cognitive science university,$1.00,Tue Dec 05 15:07:34 PST 2017,9,0,0,0,Reviewable,NotReviewed,1 cond,2400,60000,Thu Jan 04 15:07:34 PST 2018,https://requester.mturk.com/mturk/manageHIT?HITId=3DWGDA5POF4AFV34EG107WOE8GVV10,3O6CYIULED16P0S1WGLITK8DCOPUW9,2,Submitted,Wed Dec 06 08:08:36 PST 2017,Tue Dec 05 15:07:57 PST 2017,Tue Dec 05 15:28:36 PST 2017,,,,,,undefined,undefined,16.912966666666666
3,3DWGDA5POF4AFV34EG107WOE8GVV10,3D8ERG8DI8278NVEQZZJFHRUEE8MA7,Language study,"Listen to interactions and answer questions about them. You must be able to listen to short audio clips, perform this task on a desktop or laptop computer, and use Chrome, Safari, Firefox or Opera.",language research stanford fun cognitive science university,$1.00,Tue Dec 05 15:07:34 PST 2017,9,0,0,0,Reviewable,NotReviewed,1 cond,2400,60000,Thu Jan 04 15:07:34 PST 2018,https://requester.mturk.com/mturk/manageHIT?HITId=3DWGDA5POF4AFV34EG107WOE8GVV10,36U2A8VAG1ZWB9IPH3Z48UKVL5RKY1,3,Submitted,Wed Dec 06 08:14:25 PST 2017,Tue Dec 05 15:11:04 PST 2017,Tue Dec 05 15:34:25 PST 2017,,,,,,undefined,undefined,21.780166666666666
4,3DWGDA5POF4AFV34EG107WOE8GVV10,3D8ERG8DI8278NVEQZZJFHRUEE8MA7,Language study,"Listen to interactions and answer questions about them. You must be able to listen to short audio clips, perform this task on a desktop or laptop computer, and use Chrome, Safari, Firefox or Opera.",language research stanford fun cognitive science university,$1.00,Tue Dec 05 15:07:34 PST 2017,9,0,0,0,Reviewable,NotReviewed,1 cond,2400,60000,Thu Jan 04 15:07:34 PST 2018,https://requester.mturk.com/mturk/manageHIT?HITId=3DWGDA5POF4AFV34EG107WOE8GVV10,3H0W84IWBK2KS8ET7MW723ETYLGREM,4,Submitted,Wed Dec 06 08:17:14 PST 2017,Tue Dec 05 15:18:01 PST 2017,Tue Dec 05 15:37:14 PST 2017,,,,,,undefined,undefined,3.736083333333333
5,3DWGDA5POF4AFV34EG107WOE8GVV10,3D8ERG8DI8278NVEQZZJFHRUEE8MA7,Language study,"Listen to interactions and answer questions about them. You must be able to listen to short audio clips, perform this task on a desktop or laptop computer, and use Chrome, Safari, Firefox or Opera.",language research stanford fun cognitive science university,$1.00,Tue Dec 05 15:07:34 PST 2017,9,0,0,0,Reviewable,NotReviewed,1 cond,2400,60000,Thu Jan 04 15:07:34 PST 2018,https://requester.mturk.com/mturk/manageHIT?HITId=3DWGDA5POF4AFV34EG107WOE8GVV10,3OCHAWUVGOK7B4SFC7D2PGDMJZXXK8,5,Submitted,Wed Dec 06 08:26:01 PST 2017,Tue Dec 05 15:07:57 PST 2017,Tue Dec 05 15:46:01 PST 2017,,,,,,undefined,undefined,1.8348166666666668
6,3DWGDA5POF4AFV34EG107WOE8GVV10,3D8ERG8DI8278NVEQZZJFHRUEE8MA7,Language study,"Listen to interactions and answer questions about them. You must be able to listen to short audio clips, perform this task on a desktop or laptop computer, and use Chrome, Safari, Firefox or Opera.",language research stanford fun cognitive science university,$1.00,Tue Dec 05 15:07:34 PST 2017,9,0,0,0,Reviewable,NotReviewed,1 cond,2400,60000,Thu Jan 04 15:07:34 PST 2018,https://requester.mturk.com/mturk/manageHIT?HITId=3DWGDA5POF4AFV34EG107WOE8GVV10,3P59JYT76LK5D7F5IR610H6MP3NT2Z,6,Submitted,Wed Dec 06 08:48:33 PST 2017,Tue Dec 05 15:48:20 PST 2017,Tue Dec 05 16:08:33 PST 2017,,,,,,undefined,undefined,13.531783333333333
7,3DWGDA5POF4AFV34EG107WOE8GVV10,3D8ERG8DI8278NVEQZZJFHRUEE8MA7,Language study,"Listen to interactions and answer questions about them. You must be able to listen to short audio clips, perform this task on a desktop or laptop computer, and use Chrome, Safari, Firefox or Opera.",language research stanford fun cognitive science university,$1.00,Tue Dec 05 15:07:34 PST 2017,9,0,0,0,Reviewable,NotReviewed,1 cond,2400,60000,Thu Jan 04 15:07:34 PST 2018,https://requester.mturk.com/mturk/manageHIT?HITId=3DWGDA5POF4AFV34EG107WOE8GVV10,3TVRFO09GKFIVAAXX7P34GQ18Z2XLB,7,Submitted,Wed Dec 06 08:56:46 PST 2017,Tue Dec 05 15:57:18 PST 2017,Tue Dec 05 16:16:46 PST 2017,,,,,,undefined,undefined,18.648116666666667
8,3DWGDA5POF4AFV34EG107WOE8GVV10,3D8ERG8DI8278NVEQZZJFHRUEE8MA7,Language study,"Listen to interactions and answer questions about them. You must be able to listen to short audio clips, perform this task on a desktop or laptop computer, and use Chrome, Safari, Firefox or Opera.",language research stanford fun cognitive science university,$1.00,Tue Dec 05 15:07:34 PST 2017,9,0,0,0,Reviewable,NotReviewed,1 cond,2400,60000,Thu Jan 04 15:07:34 PST 2018,https://requester.mturk.com/mturk/manageHIT?HITId=3DWGDA5POF4AFV34EG107WOE8GVV10,3IX2EGZR7BJS3O0LLN7YZJRL3TEJR1,8,Submitted,Wed Dec 06 09:39:30 PST 2017,Tue Dec 05 16:48:52 PST 2017,Tue Dec 05 16:59:30 PST 2017,,,,,,undefined,undefined,10.270116666666667
