date,workerid,amount
Tue Dec 05 15:12:48 PST 2017,A2TVJTQ4VXATE6,1.0
Tue Dec 05 15:18:58 PST 2017,A1WTIPXQDJIMUI,1.0
Tue Dec 05 15:28:36 PST 2017,APGX2WZ59OWDN,1.0
Tue Dec 05 15:34:25 PST 2017,A10ECDDI2BYH3K,1.0
Tue Dec 05 15:37:14 PST 2017,AXKTYKCT9NGHS,1.0
Tue Dec 05 15:46:01 PST 2017,AOTCPS24JM5DQ,1.0
Tue Dec 05 16:08:33 PST 2017,A17F06M11XQX6S,1.0
Tue Dec 05 16:16:46 PST 2017,A2R8IV2PWFTY00,1.0
Tue Dec 05 16:59:30 PST 2017,A2HSCKH5NKN5LP,1.0
,total paid to workers:,=SUM(c2:c10)
,10% paid to Amazon:,=.1*c11
,total:,=SUM(c11:c12
